-- phpMyAdmin SQL Dump
-- version 4.5.1
-- http://www.phpmyadmin.net
--
-- Host: 127.0.0.1
-- Generation Time: Apr 19, 2021 at 11:02 PM
-- Server version: 10.1.10-MariaDB
-- PHP Version: 5.5.30

SET SQL_MODE = "NO_AUTO_VALUE_ON_ZERO";
SET time_zone = "+00:00";


/*!40101 SET @OLD_CHARACTER_SET_CLIENT=@@CHARACTER_SET_CLIENT */;
/*!40101 SET @OLD_CHARACTER_SET_RESULTS=@@CHARACTER_SET_RESULTS */;
/*!40101 SET @OLD_COLLATION_CONNECTION=@@COLLATION_CONNECTION */;
/*!40101 SET NAMES utf8mb4 */;

--
-- Database: `jobinfor`
--

-- --------------------------------------------------------

--
-- Table structure for table `category`
--

CREATE TABLE `category` (
  `id` int(11) NOT NULL,
  `category` varchar(50) NOT NULL
) ENGINE=InnoDB DEFAULT CHARSET=latin1;

--
-- Dumping data for table `category`
--

INSERT INTO `category` (`id`, `category`) VALUES
(1, 'Basic Package'),
(2, 'Starter Package'),
(3, 'Business Package'),
(4, 'Single side'),
(5, 'Double side'),
(6, 'Half fold'),
(7, 'Tri fold'),
(8, 'Z fold'),
(9, 'Gate fold'),
(10, 'Booklet'),
(11, 'Desk calender'),
(12, 'Wall calender'),
(13, 'Pocket calender');

-- --------------------------------------------------------

--
-- Table structure for table `customer`
--

CREATE TABLE `customer` (
  `id` int(11) NOT NULL,
  `customer_name` varchar(100) NOT NULL,
  `contact` varchar(100) NOT NULL,
  `address` varchar(100) NOT NULL
) ENGINE=InnoDB DEFAULT CHARSET=latin1;

--
-- Dumping data for table `customer`
--

INSERT INTO `customer` (`id`, `customer_name`, `contact`, `address`) VALUES
(1, 'Amali senadheera', '071 7894578', 'No:01, kalutara north, kalutara'),
(2, 'S.R.I Sandamali', '071 4789789', 'low lvl rd, hanwella.'),
(3, 'hasitha senanayaka', '071 7894568', 'No:01, neboda, kalutara'),
(4, 'Malinda perera', '071 4789456', 'No.43/D/4, 3rd Lane, Galwarusa, Korathota, Kaduwela.'),
(5, 'K.Prasangi', '0117894561', 'No:20, miriswatta, gampaha'),
(7, 'M.G perera', '078 4568527', 'Kuruwita, rathnapura'),
(8, 'Rajitha Nuwan', '078 4561478', 'Horana, Kalutara'),
(9, 'Rashini Amanda', '071 4562583', 'Ahangama, Galle'),
(10, 'sandaru maleesha', '071 4781478', 'Alwiz rd, bentota'),
(11, 'Amandi perera', '011 7894578', 'Aluthgama'),
(12, 'Imashi Liyanage', '078 4561478', 'Egodamulla, Ahungalla'),
(13, 'chameera senadheera', '011 7892587', 'Colombo 03'),
(14, 'Dimuthu', '0723445678', 'Kurunegala, colombo '),
(15, 'Achala Arundathie', '0712123078', 'No:170, Welipenna Rd, Aluthgama.');

-- --------------------------------------------------------

--
-- Table structure for table `customertb`
--

CREATE TABLE `customertb` (
  `id` int(11) NOT NULL,
  `nic` varchar(100) NOT NULL,
  `customerName` text NOT NULL,
  `contactNo` varchar(100) NOT NULL,
  `branch` text NOT NULL,
  `username` varchar(300) NOT NULL,
  `password` varchar(100) NOT NULL
) ENGINE=MyISAM DEFAULT CHARSET=latin1;

--
-- Dumping data for table `customertb`
--

INSERT INTO `customertb` (`id`, `nic`, `customerName`, `contactNo`, `branch`, `username`, `password`) VALUES
(1, '13', 'HAsitha', '0188818811', '', 'admin', '21232f297a57a5a743894a0e4a801fc3'),
(2, '984567892V', 'Sachintha', '0771234567', '', 'sa', '202cb962ac59075b964b07152d234b70'),
(3, '20', 'anne', '077 8956234', '', 'anne', '698d51a19d8a121ce581499d7b701668');

-- --------------------------------------------------------

--
-- Table structure for table `customer_orderitemstb`
--

CREATE TABLE `customer_orderitemstb` (
  `id` int(11) NOT NULL,
  `orderId` int(11) NOT NULL,
  `itemName` varchar(100) NOT NULL,
  `quantity` varchar(100) NOT NULL,
  `price` varchar(100) NOT NULL
) ENGINE=MyISAM DEFAULT CHARSET=latin1;

--
-- Dumping data for table `customer_orderitemstb`
--

INSERT INTO `customer_orderitemstb` (`id`, `orderId`, `itemName`, `quantity`, `price`) VALUES
(1, 1, 'T-shirt', '1', '1200.00'),
(2, 1, 'Key Tag', '1', '175.00'),
(3, 2, 'T-shirt', '1', '1200.00'),
(4, 2, 'Couple T-Shirts', '1', '2000.00'),
(5, 2, 'Key Tag', '2', '175.00'),
(6, 3, 'T-shirt', '2', '1200.00'),
(7, 3, 'Couple T-Shirts', '1', '2000.00'),
(8, 3, 'Key Tag', '4', '175.00');

-- --------------------------------------------------------

--
-- Table structure for table `customer_ordertb`
--

CREATE TABLE `customer_ordertb` (
  `orderId` int(11) NOT NULL,
  `userID` int(11) NOT NULL,
  `customerName` varchar(250) NOT NULL,
  `order_from` varchar(250) DEFAULT NULL,
  `address` varchar(250) DEFAULT NULL,
  `contactNo` varchar(250) DEFAULT '0',
  `deliveryAddress` varchar(250) DEFAULT 'NIL',
  `status` varchar(300) NOT NULL DEFAULT 'New',
  `createdDate` varchar(100) DEFAULT NULL
) ENGINE=MyISAM DEFAULT CHARSET=latin1;

--
-- Dumping data for table `customer_ordertb`
--

INSERT INTO `customer_ordertb` (`orderId`, `userID`, `customerName`, `order_from`, `address`, `contactNo`, `deliveryAddress`, `status`, `createdDate`) VALUES
(1, 1, 'hasitha', 'Web', NULL, '0188818811', 'Welipenna', 'New', '2021-04-19'),
(2, 2, 'Sachintha', 'Web', NULL, '0771234567', 'Bentara', 'New', '2021-04-19'),
(3, 3, 'anne', 'Web', NULL, '077 8956234', 'Alwiz rd, bentota.', 'New', '2021-04-19');

-- --------------------------------------------------------

--
-- Table structure for table `image`
--

CREATE TABLE `image` (
  `id` int(255) NOT NULL,
  `file` varchar(255) NOT NULL
) ENGINE=InnoDB DEFAULT CHARSET=latin1;

--
-- Dumping data for table `image`
--

INSERT INTO `image` (`id`, `file`) VALUES
(0, 'Screen Shot 2018-04-25 at 1.30.39 AM.png'),
(0, '15632787411524804823dude24.png'),
(0, '16562265241524804862dude24.png');

-- --------------------------------------------------------

--
-- Table structure for table `invoice`
--

CREATE TABLE `invoice` (
  `invoice_id` int(11) NOT NULL,
  `job_id` varchar(300) NOT NULL
) ENGINE=InnoDB DEFAULT CHARSET=latin1;

-- --------------------------------------------------------

--
-- Table structure for table `jobs`
--

CREATE TABLE `jobs` (
  `id` int(11) NOT NULL,
  `job_no` varchar(100) NOT NULL,
  `customer` varchar(400) NOT NULL,
  `channel` varchar(100) NOT NULL,
  `job_type` varchar(100) NOT NULL,
  `product` varchar(100) NOT NULL,
  `category` varchar(100) NOT NULL,
  `material` varchar(64) NOT NULL,
  `size` varchar(50) NOT NULL,
  `bind` varchar(50) NOT NULL,
  `colour` text NOT NULL,
  `user_description` varchar(250) NOT NULL,
  `date` date NOT NULL,
  `quantity` decimal(10,2) NOT NULL,
  `unit_price` decimal(10,2) NOT NULL,
  `budget` decimal(10,2) NOT NULL,
  `discount` decimal(10,2) NOT NULL DEFAULT '0.00',
  `discounted` decimal(10,2) NOT NULL,
  `ad_pay_amount` decimal(10,2) NOT NULL,
  `rest` decimal(10,2) NOT NULL,
  `admin_description` varchar(250) NOT NULL,
  `state` enum('request','design','production','reject','QA','complete','dispatch') NOT NULL,
  `accepted_by` varchar(100) NOT NULL,
  `designed_by` varchar(150) NOT NULL,
  `production_by` varchar(150) NOT NULL,
  `checked_by` varchar(100) NOT NULL,
  `failed_reason` varchar(255) NOT NULL,
  `cash` decimal(10,2) NOT NULL,
  `change_amt` decimal(10,2) NOT NULL,
  `payment` decimal(10,2) NOT NULL,
  `dispatch_day` varchar(100) NOT NULL,
  `dispatch_year` varchar(10) NOT NULL,
  `dispatch_month` varchar(10) NOT NULL,
  `dispatched_by` varchar(150) NOT NULL
) ENGINE=InnoDB DEFAULT CHARSET=utf8;

--
-- Dumping data for table `jobs`
--

INSERT INTO `jobs` (`id`, `job_no`, `customer`, `channel`, `job_type`, `product`, `category`, `material`, `size`, `bind`, `colour`, `user_description`, `date`, `quantity`, `unit_price`, `budget`, `discount`, `discounted`, `ad_pay_amount`, `rest`, `admin_description`, `state`, `accepted_by`, `designed_by`, `production_by`, `checked_by`, `failed_reason`, `cash`, `change_amt`, `payment`, `dispatch_day`, `dispatch_year`, `dispatch_month`, `dispatched_by`) VALUES
(1, '202103160315141', 'amali senadheera', 'EXP', 'Others', 'Photocopies', 'No categories available', '', '', 'None', '', '', '2021-03-06', '3.00', '0.00', '900.00', '0.00', '900.00', '200.00', '0.00', '100 pages for each', 'complete', 'admin@gmail.com', 'user@gmail.com', 'production@gmail.com', 'cashier@gmail.com', '', '5000.00', '4300.00', '700.00', '2021-03-22', '2021', '03', 'admin@gmail.com'),
(2, '202103160318292', 'Rashini Amanda', 'DIR', 'Design', 'Logo Design', 'Starter Package', '', 'small', 'None', '#f81616\n#1678f8\n#ffffff\n#ddd60e\n', '', '2021-03-10', '1.00', '0.00', '3500.00', '5.00', '3325.00', '1000.00', '0.00', 'only design', 'complete', 'admin@gmail.com', 'designer@gmail.com', 'production@gmail.com', 'admin@gmail.com', '', '2500.00', '175.00', '2325.00', '2021-03-17', '2021', '03', 'cashier@gmail.com'),
(3, '202103160221343', 'S.R.I Sandamali', 'DIR', 'Design', 'Business Card', 'Double side', 'mat card', 'medium', 'None', '#02a72b\n#ffffff\n#000000\n', '', '2021-03-12', '150.00', '0.00', '10000.00', '2.00', '9800.00', '3500.00', '0.00', 'With design', 'dispatch', 'admin@gmail.com', 'designer@gmail.com', 'cashier@gmail.com', 'cashier@gmail.com', '', '5000.00', '-1300.00', '6300.00', '2021-03-24', '2021', '03', 'cashier@gmail.com'),
(4, '202103160426004', 'sandaru maleesha', 'EXP', 'Others', 'printout', 'No categories available', '', '', 'None', '', '', '2021-03-16', '25.00', '0.00', '750.00', '0.00', '750.00', '250.00', '500.00', 'Color printouts. immediately', 'reject', 'user@gmail.com', 'admin@gmail.com', '', '', '', '0.00', '0.00', '0.00', '', '', '', ''),
(5, '202103160436555', 'Amandi perera', 'DIR', 'Digital printing', 'Banner', 'No categories available', '', 'large', 'None', '#c20a54\n#120209\n#ffffff', '', '2021-03-16', '2.00', '0.00', '12500.00', '5.00', '11875.00', '4000.00', '7875.00', 'with design', 'dispatch', 'user@gmail.com', 'designer@gmail.com', 'production@gmail.com', 'cashier@gmail.com', '', '0.00', '0.00', '0.00', '2021-03-22', '2021', '03', 'cashier@gmail.com'),
(6, '202103180346376', 'Rajitha Nuwan', 'DIR', 'Design', 'Poster', 'No categories available', '', '', 'None', '', '', '2021-03-17', '1.00', '0.00', '1500.00', '0.00', '1500.00', '500.00', '1000.00', '', 'production', 'cashier@gmail.com', 'user@gmail.com', 'production@gmail.com', '', '', '0.00', '0.00', '0.00', '', '', '', ''),
(7, '202103180348507', 'Imashi Liyanage', 'EXP', 'Others', 'Photocopies', 'No categories available', '', '', 'None', '', '', '2021-03-17', '5.00', '0.00', '1500.00', '0.00', '1500.00', '0.00', '1500.00', '100 pages for each set', 'design', 'cashier@gmail.com', 'cashier@gmail.com', '', '', '', '0.00', '0.00', '0.00', '', '', '', ''),
(8, '202103180357018', 'M.G perera', 'DIR', 'Design', 'Ticket', 'No categories available', '', '', 'Tape', '#ffffff\n#000000\n', '', '2021-03-17', '150.00', '0.00', '2250.00', '0.00', '2250.00', '1500.00', '750.00', '', 'design', 'cashier@gmail.com', 'cashier@gmail.com', '', '', '', '0.00', '0.00', '0.00', '', '', '', ''),
(9, '202103180402589', 'Malinda perera', 'EXP', 'Others', 'printout', 'No categories available', '', '', 'None', '', '', '2021-03-17', '25.00', '0.00', '750.00', '2.00', '735.00', '0.00', '735.00', 'colored printouts', 'design', 'cashier@gmail.com', 'cashier@gmail.com', '', '', '', '0.00', '0.00', '0.00', '', '', '', ''),
(10, '2021031804301310', 'chameera senadheera', 'DIR', 'Design', 'Business Card', 'Double side', 'shine card', 'small', 'None', '#8a0505\n#100e0e\n', '', '2021-03-17', '100.00', '50.00', '5000.00', '0.00', '5000.00', '1000.00', '0.00', '', 'complete', 'cashier@gmail.com', 'designer@gmail.com', 'production@gmail.com', 'cashier@gmail.com', '', '4000.00', '0.00', '4000.00', '2021-03-19', '2021', '03', 'admin@gmail.com'),
(11, '2021032210244211', 'Amandi perera', 'DIR', 'Laser Printing', 'Broucher', 'Tri fold', 'ice white', 'a4', 'None', '', '', '2021-03-22', '50.00', '25.00', '1250.00', '0.00', '1250.00', '500.00', '750.00', '', 'design', 'cashier@gmail.com', 'designer@gmail.com', '', '', '', '0.00', '0.00', '0.00', '', '', '', ''),
(12, '2021032210261412', 'Achala Arundathie', 'DIR', 'Sublimation Printing', 'Mug', 'No categories available', 'white mugs', '', 'None', '', '', '2021-03-22', '120.00', '600.00', '72000.00', '0.00', '72000.00', '10000.00', '62000.00', '', 'design', 'cashier@gmail.com', 'designer@gmail.com', '', '', '', '0.00', '0.00', '0.00', '', '', '', '');

-- --------------------------------------------------------

--
-- Table structure for table `jobs_type`
--

CREATE TABLE `jobs_type` (
  `id` int(11) NOT NULL,
  `type` varchar(30) NOT NULL
) ENGINE=InnoDB DEFAULT CHARSET=latin1;

--
-- Dumping data for table `jobs_type`
--

INSERT INTO `jobs_type` (`id`, `type`) VALUES
(1, 'Design'),
(2, 'Digital printing'),
(3, 'Laser Printing'),
(4, 'Offset Printing'),
(5, 'Sublimation Printing'),
(6, 'Others');

-- --------------------------------------------------------

--
-- Table structure for table `product`
--

CREATE TABLE `product` (
  `id` int(11) NOT NULL,
  `name` varchar(100) NOT NULL
) ENGINE=InnoDB DEFAULT CHARSET=latin1;

--
-- Dumping data for table `product`
--

INSERT INTO `product` (`id`, `name`) VALUES
(1, 'Logo Design'),
(2, 'Business Card'),
(3, 'Flyer'),
(4, 'Broucher'),
(5, 'Ticket'),
(6, 'Poster'),
(7, 'Bookmark'),
(8, 'Greeting Card'),
(9, 'Menu Card'),
(10, 'Letter head'),
(11, 'Envelope'),
(12, 'ID Card'),
(13, 'Key Tag'),
(14, 'Magazine'),
(15, 'Invoice'),
(16, 'Notebook'),
(17, 'Calendar'),
(18, 'Company Profile'),
(19, 'Annual Report'),
(20, 'Wallpaper'),
(21, 'Backdrop'),
(22, 'Packaging'),
(23, 'Label'),
(24, 'Facebook post'),
(25, 'Youtube thumbnail'),
(26, 'E-Flyer'),
(27, 'Recipet'),
(28, 'Bill book'),
(29, 'Facebook Maintain'),
(30, 'A - Stand'),
(31, 'Banner'),
(32, 'Billboard'),
(33, 'Board sign'),
(34, 'Canvas Print'),
(35, 'Light board'),
(36, 'Magnet'),
(37, 'Name board'),
(38, 'Product Lable'),
(39, 'Pull - Up Banner'),
(40, 'Safety Sign'),
(41, 'Sticker'),
(42, 'Vehicle Branding'),
(43, 'X - Banner'),
(44, 'CD Covers\r\n'),
(45, 'Tags'),
(46, 'Mug'),
(47, 'Bottle'),
(48, 'T - Shirt'),
(49, 'Glass'),
(50, 'Souvenier'),
(51, 'Pen'),
(52, 'Pencil'),
(53, 'Wooden Item'),
(54, 'Magic Pillow'),
(55, 'Lanyard'),
(56, 'Sticker Cutting'),
(57, 'Acrylic Work'),
(58, 'Laser Engraving'),
(59, 'UV Printing'),
(60, 'Photocopies'),
(61, 'printout');

-- --------------------------------------------------------

--
-- Table structure for table `product_category`
--

CREATE TABLE `product_category` (
  `id` int(11) NOT NULL,
  `product_id` int(11) NOT NULL,
  `category_id` int(11) NOT NULL
) ENGINE=InnoDB DEFAULT CHARSET=latin1;

--
-- Dumping data for table `product_category`
--

INSERT INTO `product_category` (`id`, `product_id`, `category_id`) VALUES
(1, 1, 1),
(2, 1, 2),
(3, 1, 3),
(4, 2, 4),
(5, 2, 5),
(6, 3, 4),
(7, 3, 5),
(8, 4, 6),
(9, 4, 7),
(10, 4, 8),
(11, 4, 9),
(12, 7, 4),
(13, 7, 5),
(14, 9, 6),
(15, 9, 7),
(16, 9, 8),
(17, 9, 9),
(18, 9, 10),
(19, 17, 11),
(20, 17, 12),
(21, 17, 13),
(22, 29, 1),
(23, 29, 2),
(24, 29, 3);

-- --------------------------------------------------------

--
-- Table structure for table `product_type`
--

CREATE TABLE `product_type` (
  `id` int(11) NOT NULL,
  `product_id` int(11) NOT NULL,
  `type_id` int(11) NOT NULL
) ENGINE=InnoDB DEFAULT CHARSET=latin1;

--
-- Dumping data for table `product_type`
--

INSERT INTO `product_type` (`id`, `product_id`, `type_id`) VALUES
(1, 1, 1),
(2, 2, 1),
(3, 2, 3),
(4, 2, 4),
(5, 3, 1),
(6, 3, 3),
(7, 3, 4),
(8, 4, 1),
(9, 4, 3),
(10, 4, 4),
(11, 5, 1),
(12, 5, 3),
(13, 5, 4),
(14, 6, 1),
(15, 6, 3),
(16, 6, 4),
(17, 7, 1),
(18, 7, 3),
(19, 7, 4),
(20, 8, 1),
(21, 8, 3),
(22, 8, 4),
(23, 9, 1),
(24, 9, 3),
(25, 9, 4),
(26, 10, 1),
(27, 10, 3),
(28, 10, 4),
(29, 11, 1),
(30, 11, 3),
(31, 11, 4),
(32, 12, 1),
(33, 13, 1),
(34, 14, 1),
(35, 14, 3),
(36, 14, 4),
(37, 15, 1),
(38, 16, 1),
(39, 16, 3),
(40, 16, 4),
(41, 17, 1),
(42, 17, 3),
(43, 17, 4),
(44, 18, 1),
(45, 18, 3),
(46, 18, 4),
(47, 19, 1),
(48, 19, 3),
(49, 19, 4),
(50, 20, 1),
(51, 20, 2),
(52, 21, 1),
(53, 21, 2),
(54, 22, 1),
(55, 22, 3),
(56, 22, 4),
(57, 23, 1),
(58, 23, 3),
(59, 23, 4),
(60, 24, 1),
(61, 25, 1),
(62, 26, 1),
(63, 27, 1),
(64, 27, 3),
(65, 27, 4),
(66, 28, 1),
(67, 28, 3),
(68, 28, 4),
(69, 29, 1),
(70, 30, 2),
(71, 31, 2),
(72, 32, 2),
(73, 33, 2),
(74, 34, 2),
(75, 35, 2),
(76, 36, 2),
(77, 37, 2),
(78, 38, 2),
(79, 39, 2),
(80, 40, 2),
(81, 41, 2),
(82, 42, 2),
(83, 43, 2),
(84, 44, 3),
(85, 45, 3),
(86, 45, 4),
(87, 46, 5),
(88, 47, 5),
(89, 48, 5),
(90, 49, 5),
(91, 50, 5),
(92, 51, 5),
(93, 52, 5),
(94, 53, 5),
(95, 54, 5),
(96, 55, 5),
(97, 56, 6),
(98, 57, 6),
(99, 58, 6),
(100, 59, 6),
(101, 60, 6),
(102, 61, 6);

-- --------------------------------------------------------

--
-- Table structure for table `signup`
--

CREATE TABLE `signup` (
  `id` int(11) NOT NULL,
  `email` varchar(500) NOT NULL,
  `password` varchar(500) NOT NULL,
  `level` int(11) NOT NULL
) ENGINE=InnoDB DEFAULT CHARSET=utf8;

--
-- Dumping data for table `signup`
--

INSERT INTO `signup` (`id`, `email`, `password`, `level`) VALUES
(1, 'admin@gmail.com', '698d51a19d8a121ce581499d7b701668', 1),
(2, 'user@gmail.com', 'ee11cbb19052e40b07aac0ca060c23ee', 2),
(3, 'cashier@gmail.com', '6ac2470ed8ccf204fd5ff89b32a355cf', 2),
(4, 'designer@gmail.com', '230ace927da4bb74817fa22adc663e0a', 3),
(5, 'production@gmail.com', 'fd89784e59c72499525556f80289b2c7', 4),
(6, 'pubudu@gmail.com', '1b1f881749f75e4c45ccdb37af1f1cc6', 4);

-- --------------------------------------------------------

--
-- Table structure for table `user_level`
--

CREATE TABLE `user_level` (
  `id` int(11) NOT NULL,
  `description` varchar(50) NOT NULL,
  `url` text NOT NULL
) ENGINE=InnoDB DEFAULT CHARSET=latin1;

--
-- Dumping data for table `user_level`
--

INSERT INTO `user_level` (`id`, `description`, `url`) VALUES
(1, 'Admin', ''),
(2, 'Cashier', ''),
(3, 'Designer', ''),
(4, 'Production', ''),
(5, 'QA', '');

-- --------------------------------------------------------

--
-- Table structure for table `web_order`
--

CREATE TABLE `web_order` (
  `id` int(11) NOT NULL,
  `itemid` int(11) NOT NULL,
  `sellingPrice` varchar(200) NOT NULL,
  `product_qty` varchar(200) NOT NULL,
  `userID` int(11) NOT NULL
) ENGINE=InnoDB DEFAULT CHARSET=utf8;

--
-- Dumping data for table `web_order`
--

INSERT INTO `web_order` (`id`, `itemid`, `sellingPrice`, `product_qty`, `userID`) VALUES
(6, 2, '2000.00', '2', 0),
(11, 4, '80.00', '1', 3);

-- --------------------------------------------------------

--
-- Table structure for table `web_products`
--

CREATE TABLE `web_products` (
  `id` int(11) NOT NULL,
  `name` varchar(100) NOT NULL,
  `image` varchar(250) NOT NULL
) ENGINE=InnoDB DEFAULT CHARSET=latin1;

--
-- Dumping data for table `web_products`
--

INSERT INTO `web_products` (`id`, `name`, `image`) VALUES
(1, 'Logo Design', ''),
(2, 'Business Card', ''),
(3, 'Flyer', ''),
(4, 'Broucher', ''),
(5, 'Ticket', ''),
(6, 'Poster', ''),
(7, 'Bookmark', ''),
(8, 'Greeting Card', ''),
(9, 'Menu Card', ''),
(10, 'Letter head', ''),
(11, 'Envelope', ''),
(12, 'ID Card', ''),
(13, 'Key Tag', ''),
(14, 'Magazine', ''),
(15, 'Invoice', ''),
(16, 'Notebook', ''),
(17, 'Calendar', ''),
(18, 'Company Profile', ''),
(19, 'Annual Report', ''),
(20, 'Wallpaper', ''),
(21, 'Backdrop', ''),
(22, 'Packaging', ''),
(23, 'Label', ''),
(24, 'Facebook post', ''),
(25, 'Youtube thumbnail', ''),
(26, 'E-Flyer', ''),
(27, 'Recipet', ''),
(28, 'Bill book', ''),
(29, 'Facebook Maintain', ''),
(30, 'A - Stand', ''),
(31, 'Banner', ''),
(32, 'Billboard', ''),
(33, 'Board sign', ''),
(34, 'Canvas Print', ''),
(35, 'Light board', ''),
(36, 'Magnet', ''),
(37, 'Name board', ''),
(38, 'Product Lable', ''),
(39, 'Pull - Up Banner', ''),
(40, 'Safety Sign', ''),
(41, 'Sticker', ''),
(42, 'Vehicle Branding', ''),
(43, 'X - Banner', ''),
(44, 'CD Covers\r\n', ''),
(45, 'Tags', ''),
(46, 'Mug', ''),
(47, 'Bottle', ''),
(48, 'T - Shirt', ''),
(49, 'Glass', ''),
(50, 'Souvenier', ''),
(51, 'Pen', ''),
(52, 'Pencil', ''),
(53, 'Wooden Item', ''),
(54, 'Magic Pillow', ''),
(55, 'Lanyard', ''),
(56, 'Sticker Cutting', ''),
(57, 'Acrylic Work', ''),
(58, 'Laser Engraving', ''),
(59, 'UV Printing', ''),
(60, 'Photocopies', ''),
(61, 'printout', 'product-61.jpg'),
(62, 'last product-t', 'product-103.jpg'),
(63, 'last product21', 'product-104.jpg'),
(64, 'XX-10', 'product-64.jpg');

-- --------------------------------------------------------

--
-- Table structure for table `web_product_rel`
--

CREATE TABLE `web_product_rel` (
  `id` int(11) NOT NULL,
  `product_id` int(11) NOT NULL,
  `type_id` int(11) NOT NULL
) ENGINE=InnoDB DEFAULT CHARSET=latin1;

--
-- Dumping data for table `web_product_rel`
--

INSERT INTO `web_product_rel` (`id`, `product_id`, `type_id`) VALUES
(1, 1, 1),
(2, 2, 1),
(3, 2, 3),
(4, 2, 4),
(5, 3, 1),
(6, 3, 3),
(7, 3, 4),
(8, 4, 1),
(9, 4, 3),
(10, 4, 4),
(11, 5, 1),
(12, 5, 3),
(13, 5, 4),
(14, 6, 1),
(15, 6, 3),
(16, 6, 4),
(17, 7, 1),
(18, 7, 3),
(19, 7, 4),
(20, 8, 1),
(21, 8, 3),
(22, 8, 4),
(23, 9, 1),
(24, 9, 3),
(25, 9, 4),
(26, 10, 1),
(27, 10, 3),
(28, 10, 4),
(29, 11, 1),
(30, 11, 3),
(31, 11, 4),
(32, 12, 1),
(33, 13, 1),
(34, 14, 1),
(35, 14, 3),
(36, 14, 4),
(37, 15, 1),
(38, 16, 1),
(39, 16, 3),
(40, 16, 4),
(41, 17, 1),
(42, 17, 3),
(43, 17, 4),
(44, 18, 1),
(45, 18, 3),
(46, 18, 4),
(47, 19, 1),
(48, 19, 3),
(49, 19, 4),
(50, 20, 1),
(51, 20, 2),
(52, 21, 1),
(53, 21, 2),
(54, 22, 1),
(55, 22, 3),
(56, 22, 4),
(57, 23, 1),
(58, 23, 3),
(59, 23, 4),
(60, 24, 1),
(61, 25, 1),
(62, 26, 1),
(63, 27, 1),
(64, 27, 3),
(65, 27, 4),
(66, 28, 1),
(67, 28, 3),
(68, 28, 4),
(69, 29, 1),
(70, 30, 2),
(71, 31, 2),
(72, 32, 2),
(73, 33, 2),
(74, 34, 2),
(75, 35, 2),
(76, 36, 2),
(77, 37, 2),
(78, 38, 2),
(79, 39, 2),
(80, 40, 2),
(81, 41, 2),
(82, 42, 2),
(83, 43, 2),
(84, 44, 3),
(85, 45, 3),
(86, 45, 4),
(87, 46, 5),
(88, 47, 5),
(89, 48, 5),
(90, 49, 5),
(91, 50, 5),
(92, 51, 5),
(93, 52, 5),
(94, 53, 5),
(95, 54, 5),
(96, 55, 5),
(97, 56, 6),
(98, 57, 6),
(99, 58, 6),
(100, 59, 6),
(101, 60, 6),
(102, 61, 6),
(103, 62, 2),
(104, 63, 11);

-- --------------------------------------------------------

--
-- Table structure for table `web_product_type`
--

CREATE TABLE `web_product_type` (
  `id` int(11) NOT NULL,
  `type` varchar(30) NOT NULL,
  `image` varchar(250) NOT NULL
) ENGINE=InnoDB DEFAULT CHARSET=latin1;

--
-- Dumping data for table `web_product_type`
--

INSERT INTO `web_product_type` (`id`, `type`, `image`) VALUES
(1, 'Design', 'works-1.png'),
(2, 'Digital printing', 'works-2.png'),
(3, 'Laser Printing', 'works-3.png'),
(4, 'Offset Printing', 'works-4.png'),
(5, 'Sublimation Printing', 'works-5.png'),
(6, 'Others', 'works-6.png');

-- --------------------------------------------------------

--
-- Table structure for table `web_trending_products`
--

CREATE TABLE `web_trending_products` (
  `id` int(11) NOT NULL,
  `product` varchar(200) NOT NULL,
  `type` varchar(30) NOT NULL,
  `price` double(10,2) NOT NULL,
  `image` varchar(250) NOT NULL
) ENGINE=InnoDB DEFAULT CHARSET=latin1;

--
-- Dumping data for table `web_trending_products`
--

INSERT INTO `web_trending_products` (`id`, `product`, `type`, `price`, `image`) VALUES
(1, 'T-shirt', 'Design', 1200.00, 'trending1.jpg'),
(2, 'Couple T-Shirts', 'Sublimation Printing', 2000.00, 'trending2.jpg'),
(3, 'Key Tag', 'Others', 175.00, 'trending-3.jpg'),
(4, 'paper quiling Key Tag', 'Design', 80.00, 'trending-0.jpg');

--
-- Indexes for dumped tables
--

--
-- Indexes for table `category`
--
ALTER TABLE `category`
  ADD PRIMARY KEY (`id`);

--
-- Indexes for table `customer`
--
ALTER TABLE `customer`
  ADD PRIMARY KEY (`id`);

--
-- Indexes for table `customertb`
--
ALTER TABLE `customertb`
  ADD PRIMARY KEY (`id`);

--
-- Indexes for table `customer_orderitemstb`
--
ALTER TABLE `customer_orderitemstb`
  ADD PRIMARY KEY (`id`);

--
-- Indexes for table `customer_ordertb`
--
ALTER TABLE `customer_ordertb`
  ADD PRIMARY KEY (`orderId`);

--
-- Indexes for table `invoice`
--
ALTER TABLE `invoice`
  ADD PRIMARY KEY (`invoice_id`);

--
-- Indexes for table `jobs`
--
ALTER TABLE `jobs`
  ADD PRIMARY KEY (`id`);

--
-- Indexes for table `jobs_type`
--
ALTER TABLE `jobs_type`
  ADD PRIMARY KEY (`id`);

--
-- Indexes for table `product`
--
ALTER TABLE `product`
  ADD PRIMARY KEY (`id`);

--
-- Indexes for table `product_category`
--
ALTER TABLE `product_category`
  ADD PRIMARY KEY (`id`);

--
-- Indexes for table `product_type`
--
ALTER TABLE `product_type`
  ADD PRIMARY KEY (`id`);

--
-- Indexes for table `signup`
--
ALTER TABLE `signup`
  ADD PRIMARY KEY (`id`);

--
-- Indexes for table `user_level`
--
ALTER TABLE `user_level`
  ADD PRIMARY KEY (`id`);

--
-- Indexes for table `web_order`
--
ALTER TABLE `web_order`
  ADD PRIMARY KEY (`id`);

--
-- Indexes for table `web_products`
--
ALTER TABLE `web_products`
  ADD PRIMARY KEY (`id`);

--
-- Indexes for table `web_product_rel`
--
ALTER TABLE `web_product_rel`
  ADD PRIMARY KEY (`id`);

--
-- Indexes for table `web_product_type`
--
ALTER TABLE `web_product_type`
  ADD PRIMARY KEY (`id`);

--
-- Indexes for table `web_trending_products`
--
ALTER TABLE `web_trending_products`
  ADD PRIMARY KEY (`id`);

--
-- AUTO_INCREMENT for dumped tables
--

--
-- AUTO_INCREMENT for table `category`
--
ALTER TABLE `category`
  MODIFY `id` int(11) NOT NULL AUTO_INCREMENT, AUTO_INCREMENT=14;
--
-- AUTO_INCREMENT for table `customer`
--
ALTER TABLE `customer`
  MODIFY `id` int(11) NOT NULL AUTO_INCREMENT, AUTO_INCREMENT=16;
--
-- AUTO_INCREMENT for table `customertb`
--
ALTER TABLE `customertb`
  MODIFY `id` int(11) NOT NULL AUTO_INCREMENT, AUTO_INCREMENT=4;
--
-- AUTO_INCREMENT for table `customer_orderitemstb`
--
ALTER TABLE `customer_orderitemstb`
  MODIFY `id` int(11) NOT NULL AUTO_INCREMENT, AUTO_INCREMENT=9;
--
-- AUTO_INCREMENT for table `customer_ordertb`
--
ALTER TABLE `customer_ordertb`
  MODIFY `orderId` int(11) NOT NULL AUTO_INCREMENT, AUTO_INCREMENT=4;
--
-- AUTO_INCREMENT for table `invoice`
--
ALTER TABLE `invoice`
  MODIFY `invoice_id` int(11) NOT NULL AUTO_INCREMENT;
--
-- AUTO_INCREMENT for table `jobs`
--
ALTER TABLE `jobs`
  MODIFY `id` int(11) NOT NULL AUTO_INCREMENT, AUTO_INCREMENT=13;
--
-- AUTO_INCREMENT for table `jobs_type`
--
ALTER TABLE `jobs_type`
  MODIFY `id` int(11) NOT NULL AUTO_INCREMENT, AUTO_INCREMENT=7;
--
-- AUTO_INCREMENT for table `product`
--
ALTER TABLE `product`
  MODIFY `id` int(11) NOT NULL AUTO_INCREMENT, AUTO_INCREMENT=62;
--
-- AUTO_INCREMENT for table `product_category`
--
ALTER TABLE `product_category`
  MODIFY `id` int(11) NOT NULL AUTO_INCREMENT, AUTO_INCREMENT=25;
--
-- AUTO_INCREMENT for table `product_type`
--
ALTER TABLE `product_type`
  MODIFY `id` int(11) NOT NULL AUTO_INCREMENT, AUTO_INCREMENT=103;
--
-- AUTO_INCREMENT for table `signup`
--
ALTER TABLE `signup`
  MODIFY `id` int(11) NOT NULL AUTO_INCREMENT, AUTO_INCREMENT=7;
--
-- AUTO_INCREMENT for table `user_level`
--
ALTER TABLE `user_level`
  MODIFY `id` int(11) NOT NULL AUTO_INCREMENT, AUTO_INCREMENT=6;
--
-- AUTO_INCREMENT for table `web_order`
--
ALTER TABLE `web_order`
  MODIFY `id` int(11) NOT NULL AUTO_INCREMENT, AUTO_INCREMENT=12;
--
-- AUTO_INCREMENT for table `web_products`
--
ALTER TABLE `web_products`
  MODIFY `id` int(11) NOT NULL AUTO_INCREMENT, AUTO_INCREMENT=65;
--
-- AUTO_INCREMENT for table `web_product_rel`
--
ALTER TABLE `web_product_rel`
  MODIFY `id` int(11) NOT NULL AUTO_INCREMENT, AUTO_INCREMENT=105;
--
-- AUTO_INCREMENT for table `web_product_type`
--
ALTER TABLE `web_product_type`
  MODIFY `id` int(11) NOT NULL AUTO_INCREMENT, AUTO_INCREMENT=7;
--
-- AUTO_INCREMENT for table `web_trending_products`
--
ALTER TABLE `web_trending_products`
  MODIFY `id` int(11) NOT NULL AUTO_INCREMENT, AUTO_INCREMENT=5;
/*!40101 SET CHARACTER_SET_CLIENT=@OLD_CHARACTER_SET_CLIENT */;
/*!40101 SET CHARACTER_SET_RESULTS=@OLD_CHARACTER_SET_RESULTS */;
/*!40101 SET COLLATION_CONNECTION=@OLD_COLLATION_CONNECTION */;
